Metrics,2014,2015,2016,2017,2018,2019,2020,2021,2022,2023
Net Revenue,71537.14,122985.28,191166.93,210916.53,28892.26,158131.9,55412.42,44390.0,197604.56,125449.27
Operating Costs,13802.18,90355.33,132564.46,65384.14,278429.73,66884.82,25662.97,165766.93,102527.72,49780.61
Gross Profit,37777.14,122216.88,46822.39,194469.15,148443.4,191415.56,295809.37,134085.72,227645.0,18907.24
Taxes,179213.45,219638.18,131592.86,209942.17,185695.02,190911.59,78370.23,230701.83,120794.54,199445.19
Net Income,297151.16,83893.72,62105.06,47566.5,61001.34,45859.36,182117.34,202499.03,184534.9,286222.75
EBITDA,61759.65,73965.69,124590.51,138374.78,170472.46,238274.76,109437.8,48882.78,131326.55,126160.03
EBIT,184010.9,90869.64,124322.78,215797.38,88261.32,62467.79,194992.12,10405.05,175337.9,50509.25
EBT,238429.91,59927.79,297625.89,92175.18,130668.58,136299.3,129336.93,121289.22,232464.08,19133.66
EPS,188345.3,54316.28,276803.24,53323.42,78048.57,202417.59,181125.96,274300.56,29312.07,37201.41
